City_ID,City,Country,Date,Lat,Lng,Max Temp,Humidity,Cloudiness,Wind Speed
0,Manado,ID,2022-08-07 18:44:47,1.487,124.8455,75.65,90,100,2.13
1,Busselton,AU,2022-08-07 18:44:47,-33.65,115.3333,57.51,68,100,17.43
2,Muyezerskiy,RU,2022-08-07 18:44:47,63.9333,31.65,51.3,82,55,6.46
3,Myrtle Beach,US,2022-08-07 18:40:03,33.6891,-78.8867,90.27,77,0,9.22
4,Lorengau,PG,2022-08-07 18:44:48,-2.0226,147.2712,80.49,79,100,7.09
5,San Patricio,US,2022-08-07 18:44:48,28.017,-97.5169,95.18,42,1,16.75
6,Clyde River,CA,2022-08-07 18:44:48,70.4692,-68.5914,39.43,87,100,9.22
7,Oudtshoorn,ZA,2022-08-07 18:44:49,-33.5907,22.2014,52.16,79,81,3.78
8,Nanortalik,GL,2022-08-07 18:44:49,60.1432,-45.2371,45.32,81,10,8.88
9,Hobart,AU,2022-08-07 18:40:08,-42.8794,147.3294,38.05,94,5,8.05
10,Barrow,US,2022-08-07 18:44:49,71.2906,-156.7887,42.82,81,100,5.75
11,Narsaq,GL,2022-08-07 18:44:50,60.9167,-46.05,53.82,65,3,1.88
12,Tocache,PE,2022-08-07 18:44:50,-8.1842,-76.5125,86.41,56,86,2.19
13,Cadillac,US,2022-08-07 18:44:50,44.2519,-85.4012,75.11,94,100,5.75
14,Chuy,UY,2022-08-07 18:40:43,-33.6971,-53.4616,52.65,75,1,12.3
15,Tuy Hoa,VN,2022-08-07 18:39:54,13.0833,109.3,76.86,83,100,15.1
16,Avarua,CK,2022-08-07 18:44:51,-21.2078,-159.775,71.65,68,75,11.5
17,Dikson,RU,2022-08-07 18:44:51,73.5069,80.5464,42.17,100,100,10.13
18,Rio Grande,BR,2022-08-07 18:40:45,-32.035,-52.0986,57.31,82,100,17.29
19,Fortuna,US,2022-08-07 18:44:52,40.5982,-124.1573,63.66,85,75,4.61
20,Hobyo,SO,2022-08-07 18:44:52,5.3505,48.5268,75.83,80,0,26.46
21,Ushuaia,AR,2022-08-07 18:43:15,-54.8,-68.3,44.26,49,0,4.61
22,Khatanga,RU,2022-08-07 18:44:53,71.9667,102.5,47.44,87,16,6.93
23,Te Anau,NZ,2022-08-07 18:44:53,-45.4167,167.7167,31.66,90,26,7.2
24,Hermanus,ZA,2022-08-07 18:44:53,-34.4187,19.2345,50.81,82,73,4.7
25,Bredasdorp,ZA,2022-08-07 18:44:53,-34.5322,20.0403,53.37,94,0,7.52
26,Chara,RU,2022-08-07 18:44:54,56.9064,118.2631,49.57,76,100,5.01
27,Mercedes,AR,2022-08-07 18:44:54,-34.6515,-59.4307,60.04,52,100,12.95
28,Aklavik,CA,2022-08-07 18:44:54,68.2191,-135.0107,48.2,81,100,0.0
29,Collie,AU,2022-08-07 18:43:13,-33.3667,116.15,50.36,85,100,6.58
30,Albany,US,2022-08-07 18:40:25,42.6001,-73.9662,93.94,68,96,1.01
31,Bluff,NZ,2022-08-07 18:44:55,-46.6,168.3333,34.81,68,45,16.87
32,Buta,CD,2022-08-07 18:44:55,2.7858,24.73,71.82,82,92,0.51
33,Coihaique,CL,2022-08-07 18:44:56,-45.5752,-72.0662,40.95,60,75,4.61
34,Peleduy,RU,2022-08-07 18:44:56,59.6289,112.7406,48.83,99,100,2.95
35,Atuona,PF,2022-08-07 18:43:05,-9.8,-139.0333,77.07,68,86,16.08
36,Vaini,TO,2022-08-07 18:44:56,-21.2,-175.2,73.56,100,20,4.61
37,Saldanha,ZA,2022-08-07 18:44:57,-33.0117,17.9442,57.25,96,20,12.66
38,Kumluca,TR,2022-08-07 18:44:57,36.3703,30.2869,79.45,83,24,2.24
39,Mataura,NZ,2022-08-07 18:44:57,-46.1927,168.8643,34.48,90,11,6.06
40,Sadovoye,RU,2022-08-07 18:44:58,47.7764,44.5089,81.57,19,80,8.28
41,La Palma,US,2022-08-07 18:44:58,33.8464,-118.0467,104.67,50,20,4.61
42,Severo-Kurilsk,RU,2022-08-07 18:44:58,50.6789,156.125,54.27,94,41,6.69
43,Bilma,NE,2022-08-07 18:44:59,18.6853,12.9164,95.09,30,82,9.13
44,Port Alfred,ZA,2022-08-07 18:44:59,-33.5906,26.891,61.18,96,98,8.01
45,Jamestown,US,2022-08-07 18:44:59,42.097,-79.2353,88.05,54,20,9.22
46,Carnarvon,AU,2022-08-07 18:45:00,-24.8667,113.6333,63.27,73,0,12.5
47,Valdivia,CL,2022-08-07 18:42:19,-39.8142,-73.2459,44.69,99,100,1.95
48,Sakakah,SA,2022-08-07 18:46:00,29.9697,40.2064,103.57,18,72,7.85
49,Muli,MV,2022-08-07 18:46:00,2.9167,73.5667,81.48,77,100,11.01
50,Half Moon Bay,US,2022-08-07 18:42:53,37.4636,-122.4286,79.14,67,100,12.66
51,Punta Arenas,CL,2022-08-07 18:45:05,-53.15,-70.9167,37.51,81,20,13.8
52,Torbay,CA,2022-08-07 18:45:28,47.6666,-52.7314,78.89,72,75,23.02
53,Presidente Bernardes,BR,2022-08-07 18:46:01,-22.0061,-51.5531,75.58,43,100,10.18
54,Leo,BF,2022-08-07 18:46:01,11.1,-2.1,84.18,54,79,4.54
55,Santa Rosa,PH,2022-08-07 18:46:02,14.3122,121.1114,77.11,95,100,5.26
56,Harper,LR,2022-08-07 18:46:02,4.375,-7.7169,73.8,79,100,7.74
57,Kerrville,US,2022-08-07 18:46:03,30.0474,-99.1403,94.55,42,75,16.11
58,Beloha,MG,2022-08-07 18:46:03,-25.1667,45.05,62.33,88,0,6.76
59,Arauco,CL,2022-08-07 18:46:03,-37.2463,-73.3175,50.4,88,45,3.42
60,Bathsheba,BB,2022-08-07 18:46:04,13.2167,-59.5167,84.81,93,40,14.97
61,Klaksvik,FO,2022-08-07 18:46:04,62.2266,-6.589,52.72,88,92,15.64
62,Riyadh,SA,2022-08-07 18:42:57,24.6877,46.7219,104.14,19,5,11.52
63,Provideniya,RU,2022-08-07 18:43:07,64.3833,-173.3,48.33,87,85,5.14
64,Rikitea,PF,2022-08-07 18:46:05,-23.1203,-134.9692,71.94,61,100,31.25
65,Leningradskiy,RU,2022-08-07 18:46:05,69.3833,178.4167,31.66,96,100,19.73
66,Campos Novos,BR,2022-08-07 18:46:05,-27.4017,-51.225,55.42,98,100,2.93
67,Mandalgovi,MN,2022-08-07 18:46:06,45.7625,106.2708,62.44,39,21,7.43
68,Taksimo,RU,2022-08-07 18:46:06,56.3444,114.8794,46.67,82,9,4.18
69,Ostrovnoy,RU,2022-08-07 18:46:06,68.0531,39.5131,51.62,73,100,24.14
70,Atambua,ID,2022-08-07 18:46:07,-9.1061,124.8925,69.28,87,19,4.16
71,Monrovia,LR,2022-08-07 18:42:12,6.3005,-10.7969,78.57,76,92,11.01
72,Ruteng,ID,2022-08-07 18:46:07,-8.6136,120.4721,60.58,91,75,2.62
73,Inirida,CO,2022-08-07 18:46:08,3.8653,-67.9239,89.87,54,69,1.21
74,Hithadhoo,MV,2022-08-07 18:46:08,-0.6,73.0833,82.13,70,100,3.13
75,Shenjiamen,CN,2022-08-07 18:46:08,29.9576,122.298,82.18,85,96,19.1
76,Koutiala,ML,2022-08-07 18:46:09,12.3917,-5.4642,85.33,55,47,9.84
77,Hambantota,LK,2022-08-07 18:46:09,6.1241,81.1185,77.34,100,20,9.22
78,Iqaluit,CA,2022-08-07 18:43:52,63.7506,-68.5145,51.53,76,75,4.61
79,Haines Junction,CA,2022-08-07 18:46:10,60.7522,-137.5108,53.55,66,100,2.3
80,Elizabeth City,US,2022-08-07 18:41:29,36.2946,-76.2511,91.42,61,40,11.5
81,Bambous Virieux,MU,2022-08-07 18:46:10,-20.3428,57.7575,68.25,83,40,3.44
82,San Cristobal,VE,2022-08-07 18:46:10,7.7669,-72.225,80.78,47,98,7.34
83,Saint-Philippe,RE,2022-08-07 18:46:11,-21.3585,55.7679,68.22,82,12,5.23
84,Reconquista,AR,2022-08-07 18:46:11,-29.15,-59.65,64.87,54,0,10.31
85,Santa Catarina De Tepehuanes,MX,2022-08-07 18:46:11,25.35,-105.7333,81.95,32,15,12.5
86,Kapaa,US,2022-08-07 18:46:12,22.0752,-159.319,78.78,91,100,8.05
87,Lavrentiya,RU,2022-08-07 18:46:12,65.5833,-171.0,41.43,94,100,6.4
88,Tasiilaq,GL,2022-08-07 18:46:12,65.6145,-37.6368,48.36,92,100,7.49
89,Tuatapere,NZ,2022-08-07 18:46:13,-46.1333,167.6833,34.45,88,32,8.39
90,Cape Town,ZA,2022-08-07 18:43:38,-33.9258,18.4232,59.11,83,20,8.05
91,Mae Sai,TH,2022-08-07 18:46:13,20.4335,99.8762,73.17,99,100,0.83
92,Arraial Do Cabo,BR,2022-08-07 18:46:14,-22.9661,-42.0278,80.56,69,75,11.5
93,Marovoay,MG,2022-08-07 18:47:14,-16.1,46.6333,68.83,56,0,2.26
94,Petropavlovsk-Kamchatskiy,RU,2022-08-07 18:43:02,53.0452,158.6483,52.39,100,100,2.24
95,Tuktoyaktuk,CA,2022-08-07 18:47:15,69.4541,-133.0374,46.4,76,100,9.22
96,Teya,RU,2022-08-07 18:47:15,60.3778,92.6267,52.97,93,18,2.1
97,Kavieng,PG,2022-08-07 18:47:15,-2.5744,150.7967,80.8,79,98,13.38
98,Lompoc,US,2022-08-07 18:47:16,34.6391,-120.4579,79.84,66,0,21.0
99,Airai,TL,2022-08-07 18:47:16,-8.9266,125.4092,57.22,66,13,3.02
100,Salalah,OM,2022-08-07 18:47:17,17.0151,54.0924,77.09,94,100,4.61
101,Orlik,RU,2022-08-07 18:47:17,52.5178,99.825,42.66,78,0,0.58
102,Liverpool,GB,2022-08-07 18:45:50,53.4106,-2.9779,68.29,70,0,11.5
103,Hovd,MN,2022-08-07 18:47:18,48.0056,91.6419,64.04,32,2,1.54
104,Mehamn,NO,2022-08-07 18:47:18,71.0357,27.8492,49.91,87,75,17.27
105,Nefteyugansk,RU,2022-08-07 18:47:19,61.0998,72.6035,60.46,65,100,4.61
106,Lagoa,PT,2022-08-07 18:47:19,39.05,-27.9833,73.62,83,96,16.4
107,Puerto Ayora,EC,2022-08-07 18:42:59,-0.7393,-90.3518,78.76,87,61,5.99
108,Rancho Palos Verdes,US,2022-08-07 18:47:19,33.7445,-118.387,95.41,69,0,6.91
109,Rota,ES,2022-08-07 18:47:20,36.6224,-6.3586,77.09,78,0,13.8
110,Nikolskoye,RU,2022-08-07 18:47:20,59.7035,30.7861,61.92,78,10,2.8
111,Kaka,TM,2022-08-07 18:47:21,37.3482,59.6143,87.33,25,0,3.71
112,Victoria,HK,2022-08-07 18:43:54,22.2855,114.1577,84.96,88,100,11.01
113,Purpe,RU,2022-08-07 18:47:22,64.4803,76.6897,59.2,76,100,10.51
114,Mojo,ET,2022-08-07 18:47:22,8.6,39.1167,61.63,93,100,3.62
115,East London,ZA,2022-08-07 18:47:23,-33.0153,27.9116,63.54,94,100,19.57
116,Pantubig,PH,2022-08-07 18:47:23,14.9681,120.9547,76.95,95,100,4.03
117,Valparaiso,CL,2022-08-07 18:47:24,-33.0393,-71.6273,56.84,90,75,6.91
118,Becerril,CO,2022-08-07 18:47:24,9.7041,-73.2793,88.02,62,100,1.32
119,Saint George,US,2022-08-07 18:43:07,37.1041,-113.5841,97.63,28,0,6.91
120,Yellowknife,CA,2022-08-07 18:42:51,62.456,-114.3525,63.12,67,75,3.44
121,Micheweni,TZ,2022-08-07 18:47:25,-4.9667,39.8333,74.55,77,66,14.97
122,Mount Gambier,AU,2022-08-07 18:47:25,-37.8333,140.7667,37.89,92,6,3.87
123,Constitucion,CL,2022-08-07 18:45:56,-35.3333,-72.4167,53.15,74,35,5.28
124,Lata,PT,2022-08-07 18:47:26,40.1629,-8.3327,73.65,57,0,5.82
125,Sovetskiy,RU,2022-08-07 18:47:26,61.3614,63.5842,69.58,56,15,2.1
126,New Norfolk,AU,2022-08-07 18:47:26,-42.7826,147.0587,37.71,85,32,1.95
127,Puerto Carreno,CO,2022-08-07 18:47:27,6.189,-67.4859,89.58,58,20,6.91
128,Cabedelo,BR,2022-08-07 18:44:49,-6.9811,-34.8339,81.27,72,18,11.56
129,Dongsheng,CN,2022-08-07 18:47:27,39.8161,109.9776,74.57,57,99,8.99
130,Butaritari,KI,2022-08-07 18:47:27,3.0707,172.7902,82.13,74,100,16.17
131,Cabo San Lucas,MX,2022-08-07 18:43:06,22.8909,-109.9124,94.6,72,100,3.0
132,Darnah,LY,2022-08-07 18:47:28,32.767,22.6367,80.56,69,0,16.6
133,Khuzhir,RU,2022-08-07 18:47:28,53.1939,107.3397,52.34,81,87,7.56
134,Thap Than,TH,2022-08-07 18:47:29,15.4606,99.8917,80.71,91,100,4.5
135,Saint-Gaudens,FR,2022-08-07 18:47:30,43.0833,0.6667,82.02,55,13,5.86
136,Ambilobe,MG,2022-08-07 18:47:30,-13.2,49.05,64.98,81,11,3.62
137,Saskylakh,RU,2022-08-07 18:47:31,71.9167,114.0833,46.49,73,94,4.99
138,General Pico,AR,2022-08-07 18:47:31,-35.6566,-63.7568,56.03,53,100,14.27
139,Esperance,AU,2022-08-07 18:47:31,-33.8667,121.9,49.28,84,0,10.69
140,Bongandanga,CD,2022-08-07 18:47:32,1.5,21.05,75.0,78,99,2.84
141,Norrtalje,SE,2022-08-07 18:48:32,59.758,18.705,63.84,84,99,3.89
142,Chokurdakh,RU,2022-08-07 18:48:33,70.6333,147.9167,46.62,53,100,13.71
143,Ribeira Grande,PT,2022-08-07 18:48:33,38.5167,-28.7,73.8,88,75,16.11
144,Letnyaya Stavka,RU,2022-08-07 18:48:33,45.4306,43.4472,74.84,53,38,5.79
145,Khorixas,NA,2022-08-07 18:48:34,-20.3667,14.9667,68.56,36,69,8.23
146,Cherskiy,RU,2022-08-07 18:48:34,68.75,161.3,37.04,73,96,5.73
147,Faanui,PF,2022-08-07 18:48:35,-16.4833,-151.75,76.78,71,85,25.52
148,Venado Tuerto,AR,2022-08-07 18:48:17,-33.7456,-61.9688,59.77,32,96,14.41
149,Puerto Asis,CO,2022-08-07 18:48:35,0.5133,-76.5007,90.41,47,58,2.62
150,Batemans Bay,AU,2022-08-07 18:48:35,-35.7167,150.1833,50.09,89,8,5.48
151,Neiafu,TO,2022-08-07 18:48:36,-18.65,-173.9833,75.88,88,40,8.05
152,Geraldton,AU,2022-08-07 18:48:36,-28.7667,114.6,54.01,94,100,9.22
153,Segezha,RU,2022-08-07 18:48:37,63.7415,34.3222,55.36,76,29,9.26
154,Grand Gaube,MU,2022-08-07 18:48:37,-20.0064,57.6608,68.4,77,33,1.99
155,Mackay,AU,2022-08-07 18:45:09,-21.15,149.2,56.68,70,12,13.15
156,Guatire,VE,2022-08-07 18:48:38,10.4762,-66.5427,90.55,68,80,3.4
157,Okakarara,NA,2022-08-07 18:48:38,-20.5833,17.4333,65.98,19,30,4.25
158,San Lawrenz,MT,2022-08-07 18:48:38,36.0553,14.204,81.86,84,0,1.99
159,Soe,ID,2022-08-07 18:48:39,-9.8607,124.284,61.95,90,10,4.27
160,Kenai,US,2022-08-07 18:48:39,60.5544,-151.2583,58.14,65,0,14.97
161,Mar Del Plata,AR,2022-08-07 18:47:17,-38.0023,-57.5575,51.1,82,75,6.91
162,Derzhavinsk,KZ,2022-08-07 18:48:40,51.1,66.3167,65.25,71,1,8.23
163,Lebu,CL,2022-08-07 18:48:13,-37.6167,-73.65,46.38,86,99,11.56
164,Askiz,RU,2022-08-07 18:48:40,53.1319,90.5264,54.7,70,2,1.14
165,Oranzherei,RU,2022-08-07 18:48:41,45.8476,47.5663,75.13,52,61,7.94
166,Georgetown,MY,2022-08-07 18:47:05,5.4112,100.3354,82.89,89,20,0.0
167,Flinders,AU,2022-08-07 18:48:41,-34.5833,150.8552,49.37,79,9,11.9
168,Port Hardy,CA,2022-08-07 18:48:41,50.6996,-127.4199,60.98,88,75,2.3
169,Thompson,CA,2022-08-07 18:48:42,55.7435,-97.8558,73.56,43,75,18.41
170,Djambala,CG,2022-08-07 18:48:42,-2.5447,14.7533,82.72,36,88,1.66
171,Yerbogachen,RU,2022-08-07 18:48:43,61.2767,108.0108,47.66,98,100,7.16
172,Upernavik,GL,2022-08-07 18:48:43,72.7868,-56.1549,41.94,85,84,9.04
173,Qaanaaq,GL,2022-08-07 18:48:43,77.484,-69.3632,43.66,58,6,2.13
174,Havoysund,NO,2022-08-07 18:48:44,70.9963,24.6622,50.23,84,100,18.54
175,Basoko,CD,2022-08-07 18:48:44,1.2391,23.616,74.44,85,99,2.44
176,Sao Joao Da Barra,BR,2022-08-07 18:48:45,-21.6403,-41.0511,80.69,81,8,16.53
177,Sorong,ID,2022-08-07 18:48:45,-0.8833,131.25,76.98,88,89,6.64
178,Bilibino,RU,2022-08-07 18:48:45,68.0546,166.4372,35.69,69,8,1.52
179,Oranjemund,NA,2022-08-07 18:48:46,-28.55,16.4333,54.97,88,0,0.04
180,San Luis,AR,2022-08-07 18:44:50,-33.295,-66.3356,42.31,90,100,9.46
181,Cap Malheureux,MU,2022-08-07 18:48:46,-19.9842,57.6142,67.46,77,36,1.99
182,Kyren,RU,2022-08-07 18:49:47,51.6828,102.1408,48.58,91,31,2.1
183,Cockburn Town,TC,2022-08-07 18:49:47,21.4612,-71.1419,87.76,66,40,17.27
184,Hualmay,PE,2022-08-07 18:49:48,-11.0964,-77.6139,65.53,73,77,11.59
185,Buritis,BR,2022-08-07 18:49:48,-15.6178,-46.4233,92.07,19,79,1.54
186,Vao,NC,2022-08-07 18:49:48,-22.6667,167.4833,72.77,83,0,12.26
187,West Wendover,US,2022-08-07 18:49:49,40.7391,-114.0733,72.61,64,0,4.61
188,Port Elizabeth,ZA,2022-08-07 18:49:49,-33.918,25.5701,62.1,97,100,14.97
189,Mount Isa,AU,2022-08-07 18:49:49,-20.7333,139.5,56.97,33,0,6.91
190,Batagay,RU,2022-08-07 18:49:50,67.6333,134.6333,60.85,82,100,3.47
191,Panguna,PG,2022-08-07 18:49:50,-6.3164,155.4848,66.67,95,77,1.7
192,Kodiak,US,2022-08-07 18:49:50,57.79,-152.4072,60.31,55,20,4.61
193,Dicabisagan,PH,2022-08-07 18:49:51,17.0818,122.4157,78.71,87,100,10.22
194,Tyup,KG,2022-08-07 18:49:51,42.7276,78.3648,59.65,67,14,5.57
195,Longyearbyen,SJ,2022-08-07 18:49:51,78.2186,15.6401,48.04,87,75,11.5
196,Vaitape,PF,2022-08-07 18:49:52,-16.5167,-151.75,76.75,71,85,25.41
197,Padang,ID,2022-08-07 18:49:52,-0.9492,100.3543,76.75,87,35,3.94
198,Hokitika,NZ,2022-08-07 18:49:52,-42.7167,170.9667,41.11,76,100,13.0
199,Sosva,RU,2022-08-07 18:49:53,59.1766,61.8558,71.11,68,100,2.3
200,Kefamenanu,ID,2022-08-07 18:49:53,-9.4467,124.4781,67.73,91,60,3.04
201,Constantine,DZ,2022-08-07 18:46:40,36.365,6.6147,83.61,42,20,11.5
202,Viking,CA,2022-08-07 18:49:53,53.1001,-111.7684,75.06,55,0,13.04
203,Port Blair,IN,2022-08-07 18:49:54,11.6667,92.75,82.44,83,100,12.66
204,Andenes,NO,2022-08-07 18:49:54,69.3143,16.1194,51.78,82,75,14.97
205,Souillac,MU,2022-08-07 18:49:54,-20.5167,57.5167,68.38,83,40,3.44
206,Dores Do Indaia,BR,2022-08-07 18:49:55,-19.4633,-45.6017,88.99,18,16,3.27
207,Salinopolis,BR,2022-08-07 18:49:55,-0.6136,-47.3561,83.3,71,50,12.39
208,Honningsvag,NO,2022-08-07 18:49:55,70.9821,25.9704,49.75,87,100,17.27
209,Kazerun,IR,2022-08-07 18:49:56,29.6195,51.6541,92.8,47,8,1.57
210,Kutahya,TR,2022-08-07 18:49:56,39.4242,29.9833,67.19,68,82,5.3
211,Sioux Lookout,CA,2022-08-07 18:48:01,50.1001,-91.917,66.27,52,75,6.91
212,Vagur,FO,2022-08-07 18:49:56,61.4732,-6.8119,52.83,96,100,20.22
213,Novki,RU,2022-08-07 18:49:57,56.3608,41.0775,63.1,95,63,4.05
214,Kaitangata,NZ,2022-08-07 18:49:57,-46.2817,169.8464,37.63,72,99,8.5
215,Port-Gentil,GA,2022-08-07 18:49:57,-0.7193,8.7815,73.36,78,40,8.05
216,Sangar,RU,2022-08-07 18:49:58,63.9242,127.4739,46.98,98,21,4.07
217,Sao Filipe,CV,2022-08-07 18:49:58,14.8961,-24.4956,79.83,82,90,2.01
218,Vermilion,US,2022-08-07 18:45:09,40.1667,-87.7506,92.61,68,75,9.22
219,Viedma,AR,2022-08-07 18:49:58,-40.8135,-62.9967,47.52,64,100,8.84
220,Castro,BR,2022-08-07 18:49:59,-24.7911,-50.0119,59.72,94,100,2.35
221,Okhotsk,RU,2022-08-07 18:49:59,59.3833,143.3,54.45,92,100,8.68
222,Isangel,VU,2022-08-07 18:49:59,-19.55,169.2667,73.51,100,75,0.0
223,Zarya,RU,2022-08-07 18:50:00,55.7553,38.0958,70.18,93,100,5.97
224,Hilo,US,2022-08-07 18:48:44,19.7297,-155.09,86.29,67,75,5.01
225,Brownsville,US,2022-08-07 18:50:00,25.9018,-97.4975,96.75,52,40,12.66
226,Oranjestad,AW,2022-08-07 18:48:39,12.524,-70.027,87.75,66,40,16.11
227,Borogontsy,RU,2022-08-07 18:50:01,62.6683,131.1683,47.03,96,5,3.29
228,Newport,GB,2022-08-07 18:50:01,51.5877,-2.9984,76.68,61,0,9.13
229,Matagami,CA,2022-08-07 18:47:34,49.7502,-77.6328,59.11,58,75,9.22
230,Alcala De Henares,ES,2022-08-07 18:48:13,40.4821,-3.36,97.09,17,0,8.05
231,Xacmaz,AZ,2022-08-07 18:51:02,41.4635,48.806,74.16,63,97,7.25
232,Shadegan,IR,2022-08-07 18:51:02,30.6497,48.6647,98.55,35,46,9.15
233,Abu Kamal,SY,2022-08-07 18:51:02,34.4506,40.9171,96.19,13,0,7.99
234,Majene,ID,2022-08-07 18:51:03,-3.5403,118.9707,77.47,82,100,5.73
235,Puerto Maldonado,PE,2022-08-07 18:51:03,-12.6,-69.1833,84.6,70,40,5.75
236,Vanimo,PG,2022-08-07 18:51:04,-2.6741,141.3028,76.69,90,88,4.16
237,Dzhebariki-Khaya,RU,2022-08-07 18:51:04,62.2167,135.8,58.48,70,100,0.65
238,Fort Nelson,CA,2022-08-07 18:51:05,58.8053,-122.7002,67.59,64,75,4.61
239,Bengkulu,ID,2022-08-07 18:51:05,-3.8004,102.2655,75.29,88,9,6.08
240,Luderitz,NA,2022-08-07 18:51:05,-26.6481,15.1594,57.63,76,0,9.19
241,Sinnamary,GF,2022-08-07 18:51:06,5.3833,-52.95,81.77,75,98,10.51
242,Ugoofaaru,MV,2022-08-07 18:51:06,5.6667,73.0,80.91,81,100,13.31
243,Cabra,ES,2022-08-07 18:51:06,37.4725,-4.4421,88.0,24,0,8.39
244,Kalush,UA,2022-08-07 18:51:07,49.0119,24.3731,59.5,87,97,1.88
245,Tahe,CN,2022-08-07 18:51:07,52.3333,124.7333,49.32,98,58,4.21
246,Nouadhibou,MR,2022-08-07 18:51:07,20.931,-17.0347,76.98,83,5,17.27
247,Juxtlahuaca,MX,2022-08-07 18:51:08,17.4294,-99.1467,83.77,57,96,1.74
248,Bethel,US,2022-08-07 18:50:51,41.3712,-73.414,95.36,56,20,16.11
249,Touros,BR,2022-08-07 18:51:08,-5.1989,-35.4608,80.31,66,19,14.45
250,Linjiang,CN,2022-08-07 18:51:09,41.8069,126.9078,71.85,99,98,1.45
251,Prince Rupert,CA,2022-08-07 18:47:07,54.3161,-130.3201,58.69,94,100,5.75
252,Fort Wellington,GY,2022-08-07 18:51:09,6.4,-57.6,84.76,67,99,9.33
253,Mahanje,TZ,2022-08-07 18:51:09,-9.9333,35.3333,59.36,59,9,2.75
254,Vila Franca Do Campo,PT,2022-08-07 18:51:10,37.7167,-25.4333,73.81,81,34,8.21
255,Bonavista,CA,2022-08-07 18:51:10,48.6499,-53.1147,72.18,74,67,19.77
256,Buala,SB,2022-08-07 18:51:10,-8.145,159.5921,78.96,81,100,4.09
257,Moose Factory,CA,2022-08-07 18:51:11,51.2585,-80.6094,64.4,67,75,13.8
258,Port Moresby,PG,2022-08-07 18:51:11,-9.4431,147.1797,78.22,83,75,6.91
259,Alyangula,AU,2022-08-07 18:51:11,-13.8483,136.4192,75.4,68,0,15.37
260,Hue,VN,2022-08-07 18:48:49,16.4667,107.6,78.91,94,75,4.61
261,Medicine Hat,CA,2022-08-07 18:51:12,50.0501,-110.6683,81.03,35,0,16.11
262,Nishihara,JP,2022-08-07 18:51:12,26.1842,127.7558,82.45,83,40,4.61
263,Yeniseysk,RU,2022-08-07 18:51:13,58.4497,92.1703,60.28,76,100,2.59
264,Angoche,MZ,2022-08-07 18:51:13,-16.2325,39.9086,71.49,68,0,8.77
265,Burnie,AU,2022-08-07 18:51:13,-41.0667,145.9167,42.93,86,9,7.18
266,Port Hedland,AU,2022-08-07 18:51:14,-20.3167,118.5667,53.65,82,0,5.75
267,Nea Karvali,GR,2022-08-07 18:51:14,40.9617,24.51,87.04,46,40,8.05
268,Singapore,SG,2022-08-07 18:50:42,1.2897,103.8501,84.2,82,75,6.91
269,Berlevag,NO,2022-08-07 18:51:15,70.8578,29.0864,49.95,81,75,19.57
270,Nola,IT,2022-08-07 18:51:15,40.922,14.5329,86.41,82,43,3.49
271,Ponta Do Sol,PT,2022-08-07 18:51:15,32.6667,-17.1,75.7,76,0,3.67
272,Hamilton,US,2022-08-07 18:50:48,39.1834,-84.5333,92.19,63,40,8.05
273,Oulainen,FI,2022-08-07 18:51:16,64.2667,24.8,53.82,84,99,6.46
274,Novyy Urengoy,RU,2022-08-07 18:51:16,66.0833,76.6333,63.21,84,100,8.72
275,Vila Velha,BR,2022-08-07 18:51:16,-20.3297,-40.2925,82.35,77,0,17.27
276,Eskisehir,TR,2022-08-07 18:51:33,39.7767,30.5206,68.59,71,15,8.28
277,Cyangugu,RW,2022-08-07 18:52:17,-2.4846,28.9075,63.75,68,74,3.62
278,Kurchum,KZ,2022-08-07 18:52:17,48.5722,83.6542,66.31,37,9,2.21
279,Kloulklubed,PW,2022-08-07 18:52:17,7.0419,134.2556,81.36,78,100,6.49
280,Poum,NC,2022-08-07 18:52:18,-20.2333,164.0167,74.16,86,0,9.84
281,Vulcanesti,MD,2022-08-07 18:52:18,45.6842,28.4028,80.58,47,8,15.97
282,Sechura,PE,2022-08-07 18:52:19,-5.5569,-80.8222,76.24,55,13,14.41
283,Mnogovershinnyy,RU,2022-08-07 18:52:19,53.9353,139.9242,55.92,99,96,3.4
284,Ilulissat,GL,2022-08-07 18:52:19,69.2167,-51.1,39.38,89,58,4.03
285,Altamira,BR,2022-08-07 18:52:20,-3.2033,-52.2064,98.69,41,40,4.61
286,Huambo,AO,2022-08-07 18:52:20,-12.7761,15.7392,64.98,20,0,3.27
287,Mana,GF,2022-08-07 18:52:20,5.6592,-53.7767,83.98,67,99,8.97
288,Halifax,CA,2022-08-07 18:50:43,44.6453,-63.5724,89.49,73,98,16.11
289,Sal Rei,CV,2022-08-07 18:52:21,16.1833,-22.9167,84.4,79,75,9.22
290,North Platte,US,2022-08-07 18:52:21,41.1239,-100.7654,71.11,83,100,14.0
291,Samarai,PG,2022-08-07 18:52:22,-10.6167,150.6667,79.45,77,75,13.49
292,Tiksi,RU,2022-08-07 18:52:22,71.6872,128.8694,44.69,97,100,3.4
293,Rio Branco Do Sul,BR,2022-08-07 18:52:22,-25.19,-49.3142,62.35,96,100,2.89
294,Pevek,RU,2022-08-07 18:52:22,69.7008,170.3133,32.31,95,100,16.98
295,Namwala,ZM,2022-08-07 18:52:23,-15.7504,26.4384,67.44,27,0,7.14
296,Mildura,AU,2022-08-07 18:52:23,-34.2,142.15,37.36,100,100,0.0
297,Kamenka,RU,2022-08-07 18:52:23,51.3223,42.7678,70.81,41,14,8.16
298,Netarhat,IN,2022-08-07 18:52:24,23.4833,84.2667,69.04,96,82,3.76
299,Tubuala,PA,2022-08-07 18:52:24,9.5167,-79.0333,81.82,78,100,2.1
300,Mitchell,US,2022-08-07 18:52:06,43.7094,-98.0298,67.98,77,100,10.36
301,Phan Thiet,VN,2022-08-07 18:52:25,10.9333,108.1,77.36,78,100,9.55
302,Cartagena,CO,2022-08-07 18:52:25,10.3997,-75.5144,87.42,70,75,4.61
303,Guerrero Negro,MX,2022-08-07 18:52:25,27.9769,-114.0611,86.83,50,93,3.67
304,Mackenzie,CA,2022-08-07 18:52:26,55.2999,-123.1698,64.62,63,75,2.3
305,Alta Floresta,BR,2022-08-07 18:52:26,-9.8756,-56.0861,100.22,39,40,6.91
306,Tiznit,MA,2022-08-07 18:52:26,29.5833,-9.5,82.53,27,0,5.59
307,Benalla,AU,2022-08-07 18:52:26,-36.55,145.9833,40.75,93,10,3.69
308,Axim,GH,2022-08-07 18:52:27,4.8699,-2.2405,74.64,76,52,8.63
309,Denpasar,ID,2022-08-07 18:49:57,-8.65,115.2167,76.71,94,75,9.22
310,Talnakh,RU,2022-08-07 18:52:27,69.4865,88.3972,56.21,86,100,3.85
311,Nyurba,RU,2022-08-07 18:52:28,63.2842,118.3319,45.54,96,6,4.25
312,Lerwick,GB,2022-08-07 18:52:28,60.1545,-1.1494,53.6,88,100,12.06
313,Picos,BR,2022-08-07 18:52:28,-7.0769,-41.4669,95.79,19,1,7.81
314,Punta Alta,AR,2022-08-07 18:52:29,-38.8759,-62.0736,48.07,65,88,9.98
315,Mahebourg,MU,2022-08-07 18:52:29,-20.4081,57.7,68.29,83,40,3.44
316,Parabel,RU,2022-08-07 18:52:29,58.6978,81.4825,54.91,94,7,7.7
317,Aitape,PG,2022-08-07 18:52:29,-3.1374,142.3475,77.07,88,38,4.07
318,Mareeba,AU,2022-08-07 18:52:30,-17.0,145.4333,68.72,91,97,2.24
319,Alofi,NU,2022-08-07 18:52:30,-19.0595,-169.9187,71.49,94,16,4.61
320,Aripuana,BR,2022-08-07 18:48:29,-9.1667,-60.6333,93.56,36,98,3.31
321,Burayevo,RU,2022-08-07 18:52:31,55.8407,55.4083,71.6,59,100,2.55
322,Tura,IN,2022-08-07 18:53:31,25.5198,90.2201,75.15,96,99,4.36
323,Beaverlodge,CA,2022-08-07 18:53:31,55.2166,-119.4361,72.75,34,0,20.98
324,Vardo,NO,2022-08-07 18:53:32,70.3705,31.1107,49.98,81,100,17.27
325,Bayji,IQ,2022-08-07 18:53:32,34.9311,43.487,97.5,16,0,8.97
326,Marawi,PH,2022-08-07 18:53:32,7.9986,124.2928,68.11,96,100,0.89
327,Cidreira,BR,2022-08-07 18:53:33,-30.1811,-50.2056,58.64,89,100,14.56
328,Kapit,MY,2022-08-07 18:53:33,2.0167,112.9333,72.72,96,95,0.74
329,Savannah Bight,HN,2022-08-07 18:53:34,16.45,-85.85,82.08,78,92,12.21
330,Svetlogorsk,BY,2022-08-07 18:53:34,52.6333,29.7333,56.28,93,0,5.7
331,Sitka,US,2022-08-07 18:52:13,57.0531,-135.33,57.09,82,100,6.91
332,Lazaro Cardenas,MX,2022-08-07 18:49:33,17.9583,-102.2,86.36,61,86,5.75
333,Trincomalee,LK,2022-08-07 18:53:34,8.5711,81.2335,80.6,75,100,25.86
334,Pontes E Lacerda,BR,2022-08-07 18:53:35,-15.2261,-59.3353,95.25,29,97,7.31
335,Gazalkent,UZ,2022-08-07 18:53:35,41.5581,69.7708,76.24,30,75,7.27
336,Kitui,KE,2022-08-07 18:53:35,-1.367,38.0106,62.42,64,9,7.92
337,Angatuba,BR,2022-08-07 18:53:36,-23.4897,-48.4128,72.9,56,100,5.91
338,Samagaltay,RU,2022-08-07 18:53:36,50.6022,95.0047,56.44,46,100,2.42
339,Pacific Grove,US,2022-08-07 18:53:28,36.6177,-121.9166,77.81,74,75,8.01
340,Nadym,RU,2022-08-07 18:53:36,65.5333,72.5167,72.28,61,100,11.36
341,Pisco,PE,2022-08-07 18:53:37,-13.7,-76.2167,66.25,68,75,8.05
342,Maragogi,BR,2022-08-07 18:53:37,-9.0122,-35.2225,76.73,74,40,11.07
343,Buchanan,LR,2022-08-07 18:53:37,5.8808,-10.0467,75.42,77,90,9.17
344,Nilagiri,IN,2022-08-07 18:53:37,21.4582,86.7722,79.83,92,35,3.58
345,Catumbela,AO,2022-08-07 18:53:38,-12.4314,13.5472,67.75,86,67,5.21
346,Namibe,AO,2022-08-07 18:53:38,-15.1961,12.1522,61.92,91,50,3.96
347,Acari,PE,2022-08-07 18:53:39,-15.4311,-74.6158,70.99,59,39,10.69
348,Nanga Eboko,CM,2022-08-07 18:53:39,4.6833,12.3667,69.13,98,100,4.43
349,Jacareacanga,BR,2022-08-07 18:51:37,-6.2222,-57.7528,97.65,30,58,3.87
350,Whitehorse,CA,2022-08-07 18:52:36,60.7161,-135.0538,51.1,83,100,2.3
351,Pesca,CO,2022-08-07 18:53:39,5.55,-73.05,60.21,70,84,5.73
352,Bontang,ID,2022-08-07 18:53:40,0.1333,117.5,75.24,83,100,6.64
353,Uglegorsk,RU,2022-08-07 18:53:40,49.0833,142.0333,63.21,95,100,7.87
354,Moose Jaw,CA,2022-08-07 18:52:45,50.4001,-105.5344,78.19,38,41,10.67
355,Najran,SA,2022-08-07 18:53:40,17.4924,44.1277,88.45,31,13,5.41
356,Tolga,DZ,2022-08-07 18:53:41,34.7222,5.3785,101.21,12,0,9.75
357,Wajir,KE,2022-08-07 18:53:41,1.7471,40.0573,82.36,39,0,12.66
358,Melo,UY,2022-08-07 18:53:41,-32.3667,-54.1833,53.74,77,100,13.6
359,Rurrenabaque,BO,2022-08-07 18:53:42,-14.4413,-67.5278,82.29,78,75,4.61
360,Chumikan,RU,2022-08-07 18:53:42,54.7183,135.315,52.61,96,100,20.02
361,Egvekinot,RU,2022-08-07 18:53:42,66.3167,-179.1667,35.04,55,81,13.98
362,Kon Tum,VN,2022-08-07 18:49:47,14.35,108.0,70.74,99,100,1.63
363,Porto Novo,BJ,2022-08-07 18:53:43,6.4965,2.6036,76.82,82,9,10.47
364,Bayir,TR,2022-08-07 18:53:43,37.2687,28.2167,73.92,74,0,3.06
365,Vashkivtsi,UA,2022-08-07 18:53:43,48.3849,25.5102,60.12,85,99,6.46
366,College,US,2022-08-07 18:53:44,64.8569,-147.8028,50.47,84,100,1.01
367,Ancud,CL,2022-08-07 18:53:44,-41.8697,-73.8203,49.23,60,8,0.81
368,Haflong,IN,2022-08-07 18:54:44,25.1833,93.0333,74.77,98,29,2.21
369,Homer,US,2022-08-07 18:54:45,59.6425,-151.5483,55.04,71,100,15.99
370,Faya,SA,2022-08-07 18:54:45,18.3851,42.4509,68.11,79,100,7.94
371,Port Augusta,AU,2022-08-07 18:54:45,-32.5,137.7667,42.66,77,0,3.33
372,Carauari,BR,2022-08-07 18:54:46,-4.8828,-66.8958,85.39,60,100,1.45
373,Adrar,MR,2022-08-07 18:54:46,20.5022,-10.0711,105.87,14,2,11.72
374,Simnas,LT,2022-08-07 18:54:46,54.4,23.65,56.34,85,88,5.95
375,San Carlos De Bariloche,AR,2022-08-07 18:54:47,-41.1456,-71.3082,38.25,86,75,6.91
376,Roald,NO,2022-08-07 18:54:47,62.5833,6.1333,58.12,88,75,8.05
377,Mountain Home,US,2022-08-07 18:52:19,43.133,-115.6912,80.08,26,0,10.36
378,Tikrit,IQ,2022-08-07 18:54:47,34.6071,43.6782,98.22,15,0,9.86
379,Bintulu,MY,2022-08-07 18:54:48,3.1667,113.0333,75.61,94,20,3.44
380,Banyo,CM,2022-08-07 18:54:48,6.75,11.8167,66.42,94,100,2.28
381,Riohacha,CO,2022-08-07 18:54:48,11.5444,-72.9072,87.91,66,20,11.5
382,Alice Town,BS,2022-08-07 18:54:49,25.7167,-79.3,83.8,73,100,15.3
383,Caravelas,BR,2022-08-07 18:53:51,-17.7125,-39.2481,77.16,72,1,10.22
384,Repalle,IN,2022-08-07 18:54:49,16.0167,80.85,76.96,92,100,12.59
385,Xining,CN,2022-08-07 18:54:49,36.6167,101.7667,64.53,78,98,2.75
386,Hasaki,JP,2022-08-07 18:54:50,35.7333,140.8333,77.4,92,32,12.08
387,Datong,CN,2022-08-07 18:54:50,40.0936,113.2914,76.82,46,93,6.35
388,Celestun,MX,2022-08-07 18:54:50,20.8667,-90.4,85.28,69,57,13.94
389,Timizart,DZ,2022-08-07 18:54:51,36.8,4.2667,79.61,48,0,7.14
390,Biltine,TD,2022-08-07 18:54:51,14.5333,20.9167,90.39,41,100,13.67
391,Opuwo,NA,2022-08-07 18:54:51,-18.0607,13.84,71.15,19,7,7.58
392,Nalut,LY,2022-08-07 18:54:51,30.3333,10.85,92.23,17,12,12.46
393,Norman Wells,CA,2022-08-07 18:54:52,65.282,-126.8329,64.44,59,75,6.91
394,Krasnoselkup,RU,2022-08-07 18:54:52,65.7,82.4667,55.04,85,100,7.4
395,Zhumadian,CN,2022-08-07 18:54:52,32.9794,114.0294,81.52,75,84,5.82
396,Port Lincoln,AU,2022-08-07 18:54:53,-34.7333,135.8667,48.2,78,0,6.78
397,Sitniki,RU,2022-08-07 18:54:53,56.4553,44.0666,69.78,57,22,6.06
398,Port Hawkesbury,CA,2022-08-07 18:54:53,45.6169,-61.3485,93.15,59,40,16.11
399,Pasni,PK,2022-08-07 18:54:54,25.2631,63.471,81.0,88,100,9.57
400,Santo Antonio Do Sudoeste,BR,2022-08-07 18:54:54,-26.0736,-53.7253,59.76,100,100,1.39
401,Amahai,ID,2022-08-07 18:54:54,-3.3333,128.9167,75.7,89,97,2.62
402,Saint Simons,US,2022-08-07 18:54:55,31.1352,-81.3901,89.64,59,40,5.75
403,Ketchikan,US,2022-08-07 18:54:55,55.3422,-131.6461,58.98,78,100,3.6
404,Borujerd,IR,2022-08-07 18:53:07,33.8973,48.7516,81.48,35,90,5.46
405,Nortelandia,BR,2022-08-07 18:54:56,-14.4547,-56.8028,98.98,23,80,5.57
406,Itarema,BR,2022-08-07 18:54:56,-2.9248,-39.9167,82.85,68,1,19.62
407,Leer,DE,2022-08-07 18:54:56,53.2316,7.461,64.99,78,16,6.91
408,Vostok,RU,2022-08-07 18:54:56,46.4856,135.8833,63.46,99,100,2.91
409,Corbelia,BR,2022-08-07 18:54:57,-24.7989,-53.3067,61.95,96,100,7.54
410,Aban,RU,2022-08-07 18:54:57,56.67,96.06,54.16,83,16,2.42
411,Alpena,US,2022-08-07 18:54:57,45.0617,-83.4327,75.52,88,100,13.8
412,Hami,CN,2022-08-07 18:54:58,42.8,93.45,87.39,24,98,15.17
413,Atherton,GB,2022-08-07 18:55:58,53.5237,-2.4935,68.29,73,15,4.0
414,Ayan,RU,2022-08-07 18:55:58,56.45,138.1667,54.21,94,100,17.72
415,Midland,US,2022-08-07 18:55:59,31.9974,-102.0779,92.68,36,40,14.97
416,Katsuura,JP,2022-08-07 18:55:59,35.1333,140.3,79.57,90,12,12.03
417,Sorsk,RU,2022-08-07 18:55:59,54.0033,90.2467,51.51,75,12,1.68
418,Taoudenni,ML,2022-08-07 18:56:00,22.6783,-3.9836,108.93,8,0,9.78
419,Sabzevar,IR,2022-08-07 18:56:00,36.2126,57.6819,88.88,20,0,16.11
420,Maniitsoq,GL,2022-08-07 18:56:00,65.4167,-52.9,40.21,94,100,3.11
421,Dhidhdhoo,MV,2022-08-07 18:56:01,6.8833,73.1,80.33,85,100,14.76
422,Skibbereen,IE,2022-08-07 18:56:01,51.55,-9.2667,63.1,73,0,8.75
423,Shihezi,CN,2022-08-07 18:56:01,44.3,86.0333,80.64,26,6,3.24
424,Foshan,CN,2022-08-07 18:56:02,23.0268,113.1315,86.95,69,63,6.64
425,Meridian,US,2022-08-07 18:56:02,43.6121,-116.3915,88.32,26,0,4.0
426,Mayo,US,2022-08-07 18:51:40,38.8876,-76.5119,93.94,68,20,13.8
427,Vangaindrano,MG,2022-08-07 18:56:02,-23.35,47.6,65.66,88,0,2.39
428,Muros,ES,2022-08-07 18:56:03,42.7762,-9.0603,80.69,85,55,2.73
429,Stokmarknes,NO,2022-08-07 18:56:03,68.5646,14.9108,51.78,87,75,11.5
430,Kalmunai,LK,2022-08-07 18:56:03,7.4167,81.8167,80.1,66,97,3.76
431,Vestmannaeyjar,IS,2022-08-07 18:56:04,63.4427,-20.2734,52.79,87,75,17.27
432,Hirara,JP,2022-08-07 18:56:04,24.8,125.2833,84.06,75,3,13.2
433,Sochaczew,PL,2022-08-07 18:56:04,52.2294,20.2384,67.19,55,39,3.96
434,Saint-Francois,FR,2022-08-07 18:56:05,46.4154,3.9054,81.84,26,0,11.5
435,Kodinsk,RU,2022-08-07 18:56:05,58.6881,99.1844,54.59,96,100,3.42
436,Portland,US,2022-08-07 18:54:05,45.5234,-122.6762,92.64,38,0,4.0
437,Kruisfontein,ZA,2022-08-07 18:56:06,-34.0033,24.7314,59.88,95,49,5.14
438,Srednekolymsk,RU,2022-08-07 18:56:06,67.45,153.6833,47.14,56,100,11.45
439,Sergeyevka,KZ,2022-08-07 18:56:06,53.88,67.4158,62.78,79,100,8.59
440,Ratnagiri,IN,2022-08-07 18:56:07,16.9833,73.3,78.6,90,100,14.32
441,Talara,PE,2022-08-07 18:56:07,-4.5772,-81.2719,75.96,60,0,17.27
442,Huaihua,CN,2022-08-07 18:56:07,27.5494,109.9592,77.02,82,100,3.89
443,Lagos,NG,2022-08-07 18:53:07,6.5833,3.75,79.12,81,48,7.25
444,Naranjal,EC,2022-08-07 18:56:08,-2.6667,-79.6167,86.7,59,70,4.7
445,Cayenne,GF,2022-08-07 18:56:08,4.9333,-52.3333,87.84,13,0,9.22
446,Amur,RU,2022-08-07 18:56:09,54.0,128.0,52.3,100,100,2.28
447,Kiruna,SE,2022-08-07 18:56:09,67.8557,20.2251,49.12,76,0,6.91
448,Tripoli,LY,2022-08-07 18:51:37,32.8752,13.1875,82.8,66,0,7.36
449,Sur,OM,2022-08-07 18:56:09,22.5667,59.5289,86.85,64,34,9.93
450,Kedrovyy,RU,2022-08-07 18:56:10,56.1667,91.8167,48.61,79,37,3.02
451,Malanville,BJ,2022-08-07 18:56:10,11.8685,3.3899,85.01,60,34,6.62
452,Bubaque,GW,2022-08-07 18:56:10,11.2833,-15.8333,79.74,80,100,12.1
453,Sawang Daen Din,TH,2022-08-07 18:56:11,17.4753,103.4575,78.19,99,100,3.13
454,Parangan,PH,2022-08-07 18:56:11,5.0839,119.9383,81.95,71,100,7.63
455,Qandala,SO,2022-08-07 18:56:11,11.472,49.8728,89.76,48,100,5.08
456,Watertown,US,2022-08-07 18:56:12,42.3709,-71.1828,98.53,47,100,13.0
457,Linqiong,CN,2022-08-07 18:56:12,30.4159,103.4609,82.22,87,85,2.53
458,Aykhal,RU,2022-08-07 18:56:12,66.0,111.5,43.86,98,100,3.06
459,Dalbandin,PK,2022-08-07 18:56:13,28.8947,64.4101,94.44,11,1,4.99
460,Tecoanapa,MX,2022-08-07 18:56:13,16.5167,-98.75,85.28,71,99,8.08
461,Belmonte,BR,2022-08-07 18:56:13,-15.8631,-38.8828,77.0,65,43,7.87
462,Zhigansk,RU,2022-08-07 18:57:14,66.7697,123.3711,51.22,93,100,20.22
463,Bud,US,2022-08-07 18:57:14,39.447,-86.1758,90.93,68,27,9.42
464,Svetlaya,RU,2022-08-07 18:57:14,46.5389,138.3297,66.87,100,100,9.24
465,Wawa,NG,2022-08-07 18:57:15,9.9022,4.4192,75.87,85,100,5.66
466,Nakhon Thai,TH,2022-08-07 18:57:15,17.1006,100.8374,74.17,98,100,1.01
467,Kibala,TD,2022-08-07 18:57:15,9.1104,18.3463,73.35,100,20,1.14
468,Yima,CN,2022-08-07 18:57:16,34.7381,111.8839,82.99,71,100,3.27
469,Honiara,SB,2022-08-07 18:57:16,-9.4333,159.95,76.8,87,30,3.78
470,Agropoli,IT,2022-08-07 18:57:16,40.3469,14.9966,81.09,79,23,1.32
471,Rathkeale,IE,2022-08-07 18:57:16,52.5244,-8.9381,66.65,68,20,10.36
472,Voyvozh,RU,2022-08-07 18:57:17,62.892,54.9635,70.81,58,98,5.17
473,Beringovskiy,RU,2022-08-07 18:57:17,63.05,179.3167,41.61,69,5,30.18
474,Avera,US,2022-08-07 18:57:17,33.194,-82.5271,87.39,45,87,5.44
475,Yar-Sale,RU,2022-08-07 18:57:18,66.8333,70.8333,66.85,74,0,9.73
476,Seymchan,RU,2022-08-07 18:57:18,62.8833,152.4333,65.17,75,89,2.17
477,Korla,CN,2022-08-07 18:57:19,41.7597,86.1469,84.9,25,4,4.29
478,Yumen,CN,2022-08-07 18:57:19,40.2833,97.2,71.17,51,68,6.91
479,Coquimbo,CL,2022-08-07 18:57:19,-29.9533,-71.3436,60.53,72,40,9.22
480,Moron,AR,2022-08-07 18:57:20,-34.6534,-58.6198,58.96,70,100,11.23
481,Kokoda,PG,2022-08-07 18:57:20,-8.8785,147.7407,71.13,95,15,1.34
482,Kandi,BJ,2022-08-07 18:57:20,11.1342,2.9386,80.56,73,99,4.59
483,Prieska,ZA,2022-08-07 18:57:21,-29.6641,22.7474,54.73,47,0,21.18
484,Solton,RU,2022-08-07 18:57:21,52.8429,86.4787,55.47,80,3,2.35
485,Totness,SR,2022-08-07 18:57:21,5.8833,-56.3167,85.98,62,35,7.34
486,Ambon,ID,2022-08-07 18:57:22,-3.6954,128.1814,76.23,16,40,3.44
487,Camara De Lobos,PT,2022-08-07 18:57:22,32.6333,-16.9667,75.7,81,20,13.8
488,Griffith,US,2022-08-07 18:57:23,41.5284,-87.4237,77.9,95,100,0.0
489,Banda Aceh,ID,2022-08-07 18:57:23,5.5577,95.3222,78.53,78,93,13.58
490,Meulaboh,ID,2022-08-07 18:57:23,4.1363,96.1285,76.23,89,41,2.93
491,Humberto De Campos,BR,2022-08-07 18:57:24,-2.5983,-43.4611,89.49,47,3,6.15
492,Terrace,CA,2022-08-07 18:57:24,54.5163,-128.6035,69.71,68,75,16.11
493,Saint-Pierre,RE,2022-08-07 18:57:24,-21.3393,55.4781,69.91,76,75,4.61
494,Gamba,GA,2022-08-07 18:57:25,-2.65,10.0,68.79,82,50,8.3
495,Zmeinogorsk,RU,2022-08-07 18:57:25,51.1567,82.195,58.3,53,4,4.59
496,Estevan,CA,2022-08-07 18:54:15,49.1334,-102.9842,70.21,64,75,14.97
497,Freeport,US,2022-08-07 18:57:25,40.6576,-73.5832,93.49,62,80,8.01
498,Longyan,CN,2022-08-07 18:57:26,25.1072,117.0225,71.49,92,68,1.5
499,Ponta Delgada,PT,2022-08-07 18:57:26,37.7333,-25.6667,74.12,83,75,9.22
500,Ballina,AU,2022-08-07 18:57:26,-28.8667,153.5667,44.78,75,0,9.48
501,Novopokrovka,UA,2022-08-07 18:57:27,49.8425,36.5477,73.62,44,70,7.49
502,Tanout,NE,2022-08-07 18:57:27,14.9709,8.8879,91.9,40,100,7.83
503,Karratha,AU,2022-08-07 18:57:27,-20.7377,116.8463,64.83,48,0,9.91
504,Paamiut,GL,2022-08-07 18:57:28,61.994,-49.6678,43.41,87,5,19.26
505,Petranka,UA,2022-08-07 18:57:28,48.9025,24.3035,58.5,90,97,1.79
506,Stulovo,RU,2022-08-07 18:57:28,58.7225,50.1439,66.63,79,53,4.29
507,Awjilah,LY,2022-08-07 18:58:29,29.1081,21.2869,86.92,36,0,15.84
508,Inhambane,MZ,2022-08-07 18:58:29,-23.865,35.3833,69.78,88,0,9.22
509,Yulara,AU,2022-08-07 18:56:34,-25.2406,130.9889,47.5,44,0,9.6
510,Bairiki,KI,2022-08-07 18:58:29,1.3292,172.9752,80.6,83,40,9.22
511,Werda,BW,2022-08-07 18:58:30,-25.2667,23.2833,71.35,24,100,6.71
512,Ocampo,MX,2022-08-07 18:58:30,21.65,-101.5,75.22,36,51,13.65
513,Codrington,AU,2022-08-07 18:58:30,-38.2667,141.9667,39.79,83,80,7.25
514,Miramar,US,2022-08-07 18:58:31,25.9873,-80.2323,91.02,74,40,13.8
515,Owando,CG,2022-08-07 18:58:31,-0.4819,15.8999,80.67,56,100,1.1
516,San Policarpo,PH,2022-08-07 18:58:31,12.1791,125.5072,75.83,87,100,4.0
517,Ojinaga,MX,2022-08-07 18:58:32,29.5667,-104.4167,94.15,31,0,4.61
518,Kirkenaer,NO,2022-08-07 18:58:32,60.4564,12.0582,58.73,59,89,4.79
519,Linaon,PH,2022-08-07 18:58:32,9.9499,122.4483,77.36,81,100,4.34
520,Plettenberg Bay,ZA,2022-08-07 18:58:33,-34.0527,23.3716,59.18,84,64,5.08
521,Ajaccio,FR,2022-08-07 18:58:33,42.0,8.9167,78.78,65,0,3.44
522,Leshukonskoye,RU,2022-08-07 18:58:33,64.8989,45.7622,59.68,78,100,4.81
523,Ewo,CG,2022-08-07 18:58:34,-0.8725,14.8206,82.83,47,100,1.1
524,Cedar City,US,2022-08-07 18:58:34,37.6775,-113.0619,83.39,33,0,7.65
525,Birao,CF,2022-08-07 18:58:34,10.2849,22.7882,72.91,94,100,5.01
526,Dingle,PH,2022-08-07 18:58:35,10.9995,122.6711,73.49,93,99,4.76
527,Xushan,CN,2022-08-07 18:58:35,30.1764,121.2457,82.33,88,61,7.05
528,Urumqi,CN,2022-08-07 18:58:35,43.801,87.6005,79.75,34,0,2.24
529,Sola,VU,2022-08-07 18:58:36,-13.8833,167.55,74.07,100,20,0.0
530,Neepawa,CA,2022-08-07 18:58:36,50.2289,-99.4664,66.6,46,1,8.39
531,Balkanabat,TM,2022-08-07 18:58:36,39.5108,54.3671,90.66,32,0,4.12
532,La Ronge,CA,2022-08-07 18:58:36,55.1001,-105.2842,77.22,41,20,10.36
533,Camacha,PT,2022-08-07 18:58:37,33.0833,-16.3333,69.22,73,40,14.97
534,Yamada,JP,2022-08-07 18:58:37,39.4667,141.95,72.37,93,100,5.28
535,Vysokogornyy,RU,2022-08-07 18:58:37,50.1167,139.15,62.47,99,100,3.29
536,Santiago,CL,2022-08-07 18:56:59,-33.4569,-70.6483,56.28,60,75,3.44
537,Anadyr,RU,2022-08-07 18:58:38,64.75,177.4833,39.7,69,20,24.61
538,Banfora,BF,2022-08-07 18:58:38,10.6333,-4.7667,79.9,72,34,3.56
539,Grindavik,IS,2022-08-07 18:58:39,63.8424,-22.4338,52.27,87,100,18.41
540,Beberibe,BR,2022-08-07 18:58:39,-4.1797,-38.1306,81.0,71,49,13.29
541,Contamana,PE,2022-08-07 18:58:39,-7.3333,-75.0167,95.13,35,21,4.47
542,Sokolo,ML,2022-08-07 18:58:40,14.7328,-6.1219,94.14,39,30,7.61
543,Raahe,FI,2022-08-07 18:58:40,64.6833,24.4833,57.29,68,100,12.48
544,Mandal,IN,2022-08-07 18:58:40,25.45,74.5667,80.42,84,100,5.41
545,Konotop,UA,2022-08-07 18:58:41,51.2403,33.2026,68.16,84,100,10.54
546,Bahia Blanca,AR,2022-08-07 18:58:41,-38.7196,-62.2724,48.87,61,100,8.43
547,Bogande,BF,2022-08-07 18:58:41,12.9714,-0.1436,87.76,52,5,8.1
548,Akyab,MM,2022-08-07 18:58:42,20.15,92.9,80.55,88,100,11.52
549,Ola,RU,2022-08-07 18:58:42,59.5833,151.2833,46.15,86,84,0.36
550,Ust-Kuyga,RU,2022-08-07 18:58:42,70.0167,135.6,55.04,79,100,5.97
551,Gold Coast,AU,2022-08-07 18:58:35,-28.0,153.4333,52.0,90,0,6.22
552,Shelby,US,2022-08-07 18:57:31,35.2001,-89.8668,94.08,60,40,6.91
553,Kousseri,CM,2022-08-07 18:58:43,12.0769,15.0306,73.36,94,40,14.97
554,Erdenet,MN,2022-08-07 18:59:43,49.0333,104.0833,51.1,82,0,2.82
555,Palu,ID,2022-08-07 18:59:43,-0.8917,119.8707,74.95,98,100,2.37
556,Antofagasta,CL,2022-08-07 18:59:44,-23.65,-70.4,58.28,57,9,13.44
557,Waingapu,ID,2022-08-07 18:59:44,-9.6567,120.2641,72.84,86,1,6.22
558,Hofn,IS,2022-08-07 18:59:44,64.2539,-15.2082,52.75,99,100,10.33
